{"pages_annotated": [], "figures": [{"page_width": 595, "caption_text": ["Figure 3: Overview of the BiofilmQ visualization process and capabilities. a, Screenshot showing several key", "elements of the graphical user interface for visualization, depicting how to choose the axis of figures to be plotted,"], "figure_type": "Figure", "region_bb": [74, 77, 450, 524], "caption_bb": [71.0, 606.0, 342.0, 14.0], "page": 5, "page_height": 841}, {"page_width": 595, "caption_text": ["Figure 2: Workflow of the BiofilmQ user interface for image processing and analysis. a, Examples of biofilm", "growth configurations and image categories that can be analysed with BiofilmQ. b, First, images have to be", "imported; a wide range of formats are supported, including 3D image formats, and TIF image sequences. c, Next,", "optional pre-processing steps including image time series registration, filtering for noise reduction, and colony"], "figure_type": "Figure", "region_bb": [71, 71, 452, 386], "caption_bb": [71.0, 460.0, 370.0, 35.0], "page": 3, "page_height": 841}, {"page_width": 595, "caption_text": ["Figure 1: Overview of the image processing and parameter quantification concept of BiofilmQ. a, For a 3D", "biofilm image, the BiofilmQ image processing pipeline is illustrated: The original raw fluorescence image is filtered"], "figure_type": "Figure", "region_bb": [75, 74, 445, 224], "caption_bb": [71.0, 303.0, 391.0, 14.0], "page": 2, "page_height": 841}], "fig_no": 3}