{"pages_annotated": [], "figures": [{"page_width": 594, "caption_text": ["Fig. 11. Growth of on oxide film on copper in unstirred", "water in equilibrium with 1 atm of a h e l i u m - 1 0 % oxyg~en", "mixture."], "figure_type": "Figure", "region_bb": [353, 64, 144, 119], "caption_bb": [306.0, 191.0, 193.0, 27.0], "page": 5, "page_height": 828}, {"page_width": 594, "caption_text": ["Fig. 8. Electron micrograph of {~111} surface of copper", "oxidized in water in equilibrium with a helium-1% oxygen", "atmosphere for 18 hr. Direct carbon replica, preshadowed with", "palladium. 40,000X"], "figure_type": "Figure", "region_bb": [95, 66, 146, 147], "caption_bb": [53.0, 218.0, 193.0, 35.0], "page": 5, "page_height": 828}, {"page_width": 594, "caption_text": ["F i g u r e 11 w o u l d i n d i c a t e t h a t this is so. H e r e the", "oxidation occurred in water in equilibrium with an", "a t m o s p h e r e of 10% O~.. O n l y t h e r e s u l t s for the {111}", "and {100} planes are plotted since the {110} and", "{311} gave results similar to that for the {100}. For", "the 10% oxygen atmosphere the rate of Cu_.O f o r m -", "ation was greater than that for the stagnant 100%", "O._.case; t h i c k e r films of Cu.O w e r e f o r m e d , b u t less", "than in the 1% case. Moreover the behavior was", "logarithmic in nature rather than parabolic as was", "the case for a 1% oxygen atmosphere. The film", "thickness for this 10% case lay intermediate between", "the 100% ox~zgen and the 1% oxygen. The rate, how-", "ever, of cupric ion formation was also important. It", "was increased and hence the rate of Cu~O formation", "was still further inhibited. By allowing the crystal", "to stand in contact with the water and the 10% oxy-", "gen atmosphere for two days, CuO was observed to", "form in the same fashion as in the 100% oxygen case.", "After the thickness had leveled off to a constant", "value, the formation of CuO could be brought about", "immediately by replacing the 10% oxygen atmos-", "phere with pure oxygen."], "figure_type": "Figure", "region_bb": [505, 189, 34, 19], "caption_bb": [305.0, 309.0, 215.0, 253.0], "page": 5, "page_height": 828}, {"page_width": 594, "caption_text": ["Fig. 9. Electron micrograph of {311} surface of copper", "oxidized in water in equilibrium with a helium-1% oxygen", "atmosphere for 18 hr. Direct carbon replica, preshadowed with", "palladium. 40,000)4"], "figure_type": "Figure", "region_bb": [96, 265, 146, 144], "caption_bb": [55.0, 416.0, 193.0, 35.0], "page": 5, "page_height": 828}, {"page_width": 594, "caption_text": ["Fig. 10. Parabolic plot for growth of an oxide film on", "copper in unstirred water in equilibrium with 1 atm of a", "helium-1% oxygen mixture."], "figure_type": "Figure", "region_bb": [81, 465, 182, 110], "caption_bb": [55.0, 590.0, 178.0, 27.0], "page": 5, "page_height": 828}, {"page_width": 594, "caption_text": ["Fig. 10. Parabolic plot for growth of an oxide film on", "copper in unstirred water in equilibrium with 1 atm of a", "helium-1% oxygen mixture."], "figure_type": "Figure", "region_bb": [493, 339, 27, 22], "caption_bb": [55.0, 590.0, 178.0, 27.0], "page": 5, "page_height": 828}, {"page_width": 594, "caption_text": ["Fig. 5. Growth of an oxide film on copper in unstirred", "water in equilibrium with 1 arm of a helium-1% oxygen", "mixture."], "figure_type": "Figure", "region_bb": [354, 66, 143, 117], "caption_bb": [305.0, 199.0, 174.0, 25.0], "page": 4, "page_height": 828}, {"page_width": 594, "caption_text": ["Fig. 6. Electron micrograph of (100) surface of copper", "oxidized in water in equilibrium with a helium-1% oxygen", "atmosphere for 18 hr. Direct carbon replica, preshadowed with", "palladium. 40,000X (All magnifications are before reduction", "for publication.)"], "figure_type": "Figure", "region_bb": [347, 239, 146, 146], "caption_bb": [304.0, 391.0, 193.0, 44.0], "page": 4, "page_height": 828}, {"page_width": 594, "caption_text": ["Fig. 7. Electron micrograph of {1 10} surface of copper", "oxidized in water in equilibrium with o helium-| % oxygen", "atmosphere for 18 hr. Direct carbon replica, preshadowed with", "palladium. 40,000X"], "figure_type": "Figure", "region_bb": [348, 401, 190, 196], "caption_bb": [304.0, 603.0, 193.0, 34.0], "page": 4, "page_height": 828}, {"page_width": 594, "caption_text": ["Fig. 7. Electron micrograph of {1 10} surface of copper", "oxidized in water in equilibrium with o helium-| % oxygen", "atmosphere for 18 hr. Direct carbon replica, preshadowed with", "palladium. 40,000X"], "figure_type": "Figure", "region_bb": [510, 612, 27, 15], "caption_bb": [304.0, 603.0, 193.0, 34.0], "page": 4, "page_height": 828}, {"page_width": 594, "caption_text": ["F i g u r e s 6, 7, 8, and 9 i l l u s t r a t e the n o n c o n t i n u o u s", "nature of the oxides formed and their dependence on", "crystallographic orientation. A study of these con-", "siderations will be the next step in the investigation."], "figure_type": "Figure", "region_bb": [488, 640, 48, 107], "caption_bb": [302.0, 477.0, 212.0, 42.0], "page": 6, "page_height": 828}, {"page_width": 594, "caption_text": ["Fig. 5.", "Specimens made from the wide ribbon and annealed", "at 1250~ appeared more and more shiny as oxidation", "proceeded. X-ray back-reflection measurements indi-", "cated the entire surface was oriented w i t h a (11-1)", "plane parallel to the surface. Microscopic examination", "revealed that the specimens were fairly large-grained", "of the order of millimeters in diameter. No striated", "grains were observed nor were any grains with the", "typical (.311) appearance (Fig. 5) observed. The surfaces", "were marked with die scratches from drawing and"], "figure_type": "Figure", "region_bb": [52, 291, 238, 488], "caption_bb": [52.0, 284.0, 183.0, 91.0], "page": 1, "page_height": 828}, {"page_width": 594, "caption_text": ["Fig. 5.", "Specimens made from the wide ribbon and annealed", "at 1250~ appeared more and more shiny as oxidation", "proceeded. X-ray back-reflection measurements indi-", "cated the entire surface was oriented w i t h a (11-1)", "plane parallel to the surface. Microscopic examination", "revealed that the specimens were fairly large-grained", "of the order of millimeters in diameter. No striated", "grains were observed nor were any grains with the", "typical (.311) appearance (Fig. 5) observed. The surfaces", "were marked with die scratches from drawing and"], "figure_type": "Figure", "region_bb": [304, 290, 237, 487], "caption_bb": [52.0, 284.0, 183.0, 91.0], "page": 1, "page_height": 828}, {"page_width": 594, "caption_text": ["Fig. 2. Growth of oxide film on copper in unstirred water in", "equilibrium with ] a t m of 02."], "figure_type": "Figure", "region_bb": [90, 66, 169, 133], "caption_bb": [53.0, 216.0, 190.0, 16.0], "page": 3, "page_height": 828}, {"page_width": 594, "caption_text": ["Fig. 3. Change in relative phase retardation for film grow-", "ing on copper in unstirred water in equilibrium with 1 arm", "of Oz."], "figure_type": "Figure", "region_bb": [336, 65, 171, 142], "caption_bb": [305.0, 216.0, 188.0, 26.0], "page": 3, "page_height": 828}, {"page_width": 594, "caption_text": ["Fig. 4. A comparison between the polar plot of relative", "phase retardation, ~, and relative amplitude reduction, tan", "r calculated for a Cu~O film growing on copper and obtained", "experimentally for o film starting out as Cu20 and then", "starting to form a second component."], "figure_type": "Figure", "region_bb": [375, 216, 164, 173], "caption_bb": [305.0, 398.0, 187.0, 44.0], "page": 3, "page_height": 828}, {"page_width": 594, "caption_text": ["Fig. 1. A p p o r a t u s for studying the f o r m a t i o n of films on Q", "copper single crystal immersed in woter."], "figure_type": "Figure", "region_bb": [397, 557, 100, 122], "caption_bb": [308.0, 768.0, 174.0, 15.0], "page": 2, "page_height": 828}, {"page_width": 594, "caption_text": ["Fig. 1. A p p o r a t u s for studying the f o r m a t i o n of films on Q", "copper single crystal immersed in woter."], "figure_type": "Figure", "region_bb": [236, 765, 26, 13], "caption_bb": [308.0, 768.0, 174.0, 15.0], "page": 2, "page_height": 828}], "fig_no": 11}