{"pages_annotated": [], "figures": [{"page_width": 612, "caption_text": ["FIG. 2. SEM image of the Cu foil after graphene growth at 1035 \u0014C. Image", "taken at 5 kV with a 3 mm working distance (3.3 mm \u00c2 2.5 mm)."], "figure_type": "Figure", "region_bb": [63, 58, 217, 164], "caption_bb": [50.0, 232.0, 209.0, 18.0], "page": 5, "page_height": 809}, {"page_width": 612, "caption_text": ["FIG. 3. (Color online) EBSD images of the 90/10 Cu\u2013Ni foils after anneal at 1050 \u0014C for 40 min in 45 mTorr H2 followed by (a) 5 min (2.3 mm \u00c2 1.7 mm), (b)", "25 min (3.6 mm \u00c2 2.7 mm), and (c) 50 min (2.5 mm \u00c2 1.9 mm) in 150 mTorr H2/CH4. See Fig. 1 for the EBSD legend. Corresponding inverse pole \ufb01gures for", "the 90/10 Cu\u2013Ni foils after growth of graphene for (d) 5 min, (e) 25 min, and (f) 50 min. Orientations are with respect to the surface normal. See Fig. 1 for the", "density map of the relative areas."], "figure_type": "Figure", "region_bb": [123, 545, 362, 149], "caption_bb": [50.0, 714.0, 445.0, 38.0], "page": 5, "page_height": 809}, {"page_width": 612, "caption_text": ["FIG. 1. (Color online) EBSD images of (a) the unannealed Cu foil (1.4 mm \u00c2 1.1 mm), (b) the Cu foil after anneal at 1035 \u0014C for 30 min in 40 mTorr H2 fol-", "lowed by 5 min in 145 mTorr CH4 (2.5 mm \u00c2 1.9 mm), and (c) the EBSD legend. Corresponding inverse pole \ufb01gures for (d) the unannealed Cu foil, (e) the Cu", "foil after graphene growth, and (f) the density map of the relative areas. Orientations are with respect to the surface normal, and the color map indicates the", "percent area that is covered by grains with that particular orientation."], "figure_type": "Figure", "region_bb": [123, 58, 361, 167], "caption_bb": [50.0, 244.0, 445.0, 38.0], "page": 4, "page_height": 809}], "fig_no": 3}