{"pages_annotated": [], "figures": [{"page_width": 595, "caption_text": ["Fig. 4. (a) Cu 2p3/2 and (b) O 1s1/2 spectra of G/Cu(1 1 1) before annealing, (c) Cu 2p3/", "2 and (d) O 1s1/2 spectra of G/Cu(1 1 1) after annealing at 300 \u00b0C in 20 min in UHV", "conditions."], "figure_type": "Figure", "region_bb": [39, 99.0, 256, 622.0], "caption_bb": [42.0, 731.0, 206.0, 24.0], "page": 5, "page_height": 793}, {"page_width": 595, "caption_text": ["Fig. 5. (a) Cu 2p3/2 and (b) O 1s1/2 spectra of G/Cufoil before annealing, (c) Cu 2p3/2", "and (f) O 1s1/2 spectra of G/Cufoil after annealing at 300 \u00b0C in 20 min in UHV", "conditions."], "figure_type": "Figure", "region_bb": [183, 481, 322, 240], "caption_bb": [311.0, 731.0, 197.0, 24.0], "page": 5, "page_height": 793}, {"page_width": 595, "caption_text": ["Fig. 3. (a) Cu 2p3/2 and (b) O 1s1/2 spectra of Cu(1 1 1) before annealing, (c) Cu 2p3/2", "and (d) O 1s1/2 spectra of Cu(1 1 1) after annealing at 300 \u00b0C in 20 min in UHV", "conditions."], "figure_type": "Figure", "region_bb": [29, 151.0, 257.0, 570.0], "caption_bb": [32.0, 731.0, 202.0, 24.0], "page": 4, "page_height": 793}, {"page_width": 595, "caption_text": ["Fig. 5(c). This is explained by the decomposition of the copper(II) car-", "bonate and copper(II) hydroxide into CuO [5]. The CuO/Cu2O compo-", "nent of O 1s1/2 (Fig. 5(d)) shows slight decrease in the intensity after", "annealing, while the other components disappeared completely.", "This should not be understood as a decrease in the relative volume", "of the oxides in the substrate. As was shown in the case of G/", "Cu(1 1 1) the oxygen species from the contamination are seen before", "annealing, which are removed during the process. This contributes", "to the error in the estimation of the relative volumes of the oxides", "before annealing. As such we can use the Cu 2p3/2 and O 1s1/2 peaks", "after the annealing as the indicator and the gauge of the corrosion in", "the graphene-coated copper systems. In this case the atomic per-", "centages of copper and oxygen were equal to 99.5% and 0.5%, which", "suggest that the corrosion is much slower in the polycrystalline cop-", "per due to the graphene coating, but is not disabled completely."], "figure_type": "Figure", "region_bb": [29, 389.0, 256, 123.0], "caption_bb": [32.0, 235.0, 198.0, 154.0], "page": 6, "page_height": 793}, {"page_width": 595, "caption_text": ["Fig. 1. LEED patterns of (a) Cu(1 1 1), (b) G/Cu(1 1 1), (c) G/Cufoil with visible features of copper (indicated by red hexagons) and graphene (blue hexagons) and (d) Raman", "spectra of G/Cu(1 1 1) (bottom, black line) and G/Cufoil (top, red line). (For interpretation of the references to color in this \ufb01gure legend, the reader is referred to the web", "version of this article.)"], "figure_type": "Figure", "region_bb": [154, 66, 291, 291], "caption_bb": [42.0, 367.0, 415.0, 23.0], "page": 3, "page_height": 793}, {"page_width": 595, "caption_text": ["Fig. 2. (a) High energy range AES spectra and (b) Cu LVV AES spectra of Cu(1 1 1) \u2013", "black line, G/Cu(1 1 1) \u2013 red line and G/Cufoil \u2013 blue line. (For interpretation of the", "references to color in this \ufb01gure legend, the reader is referred to the web version of", "this article.)"], "figure_type": "Figure", "region_bb": [319, 412, 113, 195], "caption_bb": [311.0, 618.0, 208.0, 32.0], "page": 3, "page_height": 793}, {"page_width": 595, "caption_text": ["Fig. 1(b). It is signi\ufb01cantly different from that of Cu(1 1 1). Three", "sets of spots are visible, indicated by the red and blue hexagons.", "The inner, red hexagon corresponds to the surface of copper. The", "outer spots are connected by a ring, the presence of which indi-", "cates that there is a degree of disorder in the orientation of graph-", "ene domains in the coating [26,30]. Two of the orientations are", "favored because of the in\ufb02uence of the lattice of the substrate on", "the growth of the CVD graphene [31]."], "figure_type": "Figure", "region_bb": [29, 151.0, 475.0, 563.0], "caption_bb": [301.0, 528.0, 184.0, 81.0], "page": 2, "page_height": 793}], "fig_no": 5}