{"pages_annotated": [], "figures": [{"page_width": 607, "caption_text": ["Figure 7. Temperature dependence of TCR. The dotted line of", "TCR is included as a visual guide."], "figure_type": "Figure", "region_bb": [56, 53, 226, 175], "caption_bb": [52.0, 241.0, 198.0, 18.0], "page": 5, "page_height": 800}, {"page_width": 607, "caption_text": ["Figure 6. Temperature dependences of FOFC and FSCC (a) from 100 to 300 K and (b) from 5 to 100 K; FCu(standard) and FAg(standard)", "represent the reported value of Cu and Ag, respectively.19 The solid lines show the resistivities calculated for OFC and SCC from the", "Bloch-Gru\u20acneisen (BG) formula. The dotted lines represent the resistivities of copper samples with 4 N (FCu(4N)), 6 N (FCu(6N)), and 7 N (FCu(7N))", "purity, as given in ref 23. (c) Resistivity reduction rates of OFC and SCC compared to FCu(standard)."], "figure_type": "Figure", "region_bb": [93, 126, 429, 156], "caption_bb": [52.0, 294.0, 460.0, 40.0], "page": 4, "page_height": 800}, {"page_width": 607, "caption_text": ["Figure 4. Periodic XRD patterns of the SCC wire."], "figure_type": "Figure", "region_bb": [337, 61, 194, 134], "caption_bb": [315.0, 226.0, 160, 9], "page": 3, "page_height": 800}, {"page_width": 607, "caption_text": ["Figure 3. (a) Fabrication of SCC disks by wire-EDM. (b) Fabrica-", "tion process for SCC wire in a spiral fashion through wire-EDM", "cutting. (c) Fabricated SCC disk and SCC wire. (d) Straightened", "SCC wire."], "figure_type": "Figure", "region_bb": [57, 50, 228, 228], "caption_bb": [52.0, 291.0, 211.0, 38.0], "page": 3, "page_height": 800}, {"page_width": 607, "caption_text": ["Figure 5. Result of the GDS depth profile for the SCC wire", "processed by wire-EDM."], "figure_type": "Figure", "region_bb": [318, 244, 230, 172], "caption_bb": [315.0, 430.0, 189.0, 19.0], "page": 3, "page_height": 800}, {"page_width": 607, "caption_text": ["Figure 1. (a) Schematic of the crystal growth system. (b) Photo-", "graph of the grown copper single crystal."], "figure_type": "Figure", "region_bb": [63, 55, 216, 176], "caption_bb": [52.0, 245.0, 204.0, 18.0], "page": 2, "page_height": 800}, {"page_width": 607, "caption_text": ["Figure 2. XRD patterns of (a) SCC and (b) OFC (the insets show", "the SEM image for etched surfaces of SCC and OFC, respectively.)", "(c) Cu 2p peaks of SCC and OFC in XPS spectra."], "figure_type": "Figure", "region_bb": [325, 50, 218, 302], "caption_bb": [315.0, 364.0, 216.0, 28.0], "page": 2, "page_height": 800}], "fig_no": 7}