{"pages_annotated": [], "figures": [{"page_width": 595, "caption_text": ["Fig. 4 | Fastest front-line crystallographic orientation and Wulff"], "figure_type": "Figure", "region_bb": [336, 56.0, 182, 158.0], "caption_bb": [303.0, 227.0, 209, 7], "page": 4, "page_height": 790}, {"page_width": 595, "caption_text": ["Fig. 3 | Crystallographic orientation of etched holes and characterization", "of the grown graphene. a, TEM image of an etched hole in the single-"], "figure_type": "Figure", "region_bb": [41, 56.0, 251, 241.0], "caption_bb": [42.0, 311.0, 241.0, 17.0], "page": 4, "page_height": 790}, {"page_width": 595, "caption_text": ["Fig. 2 | Visualization of the graphene crystal orientations using etched hexagons. a,b, The edges of the holes have ZZ termination and have different"], "figure_type": "Figure", "region_bb": [112, 56.0, 370, 512.0], "caption_bb": [42.0, 580.0, 479, 7], "page": 3, "page_height": 790}, {"page_width": 595, "caption_text": ["Fig. 1 | Experimental set-up and the graphene morphology on stationary", "substrates. a, An illustration (left) and photograph (right) of the set-up for"], "figure_type": "Figure", "region_bb": [42, 54, 248, 298], "caption_bb": [42.0, 366.0, 240.0, 17.0], "page": 2, "page_height": 790}], "fig_no": 21}