{"pages_annotated": [], "figures": [{"page_width": 595, "caption_text": ["Figure 2. Microbial biofilm assemblages colonized on (a) control glass and (b) polystyrene", "slides incubated for four days in a flowing freshwater aquatic ecosystem. Bar scales", "equal 10.0 \u03bcm."], "figure_type": "Figure", "region_bb": [92, 241, 409, 438], "caption_bb": [77.0, 695.0, 410.0, 49.0], "page": 11, "page_height": 842}, {"page_width": 595, "caption_text": ["Figure 1. Visual characteristics of microbial morphotypes classified by CMEIAS (Center", "for Microbial Ecology Image Analysis Systems)."], "figure_type": "Figure", "region_bb": [107, 75, 381, 278], "caption_bb": [78.0, 369.0, 398.0, 29.0], "page": 5, "page_height": 842}, {"page_width": 595, "caption_text": ["Figure 3. CMEIAS-rendered pseudocolor images showing the morphotype classification", "of each cell in the freshwater biofilm landscapes developed in situ on (a) control glass", "and (b) polystyrene."], "figure_type": "Figure", "region_bb": [97, 209, 401, 472], "caption_bb": [77.0, 698.0, 396.0, 49.0], "page": 12, "page_height": 842}, {"page_width": 595, "caption_text": ["Figure 5. Kriging maps of the spatially autocorrelated intensity of aggregated colonization", "behavior of the microbial assemblages in the freshwater biofilm landscapes developed on", "(a) plain glass and (b) polystyrene. The legend shows the stepped scale of pseudocolored", "bins for the range of CMEIAS cluster index values in each landscape."], "figure_type": "Figure", "region_bb": [139, 395, 316, 312], "caption_bb": [78.0, 722.0, 403.0, 63.0], "page": 20, "page_height": 842}, {"page_width": 595, "caption_text": ["Figure 6. In situ variation in intensity of cell communication between Pseudomonas putida", "reporter cells colonized on a wheat rhizoplane. (a) Red-fluorescent \u201csignal source\u201d cells", "communicating with green-fluorescent \u201csignal sensor\u201d cells via secreted N-acylhomoserine", "lactones; (b) Green color-segmented and (c) grayscale converted images of the communication", "response in Figure 6a; and (d) Frequency distribution of the mean luminosity of Gfp", "fluorescence per sensor cell indicating the in situ variation in cell communication intensity", "at single-cell resolution. Bar scale is 15 \u00b5m."], "figure_type": "Figure", "region_bb": [140, 335, 314, 327], "caption_bb": [78.0, 676.0, 419.0, 114.0], "page": 21, "page_height": 842}, {"page_width": 595, "caption_text": ["Figure 4. Geostatistical isotropic semivariograms of autocorrelated, clustered colonization", "behavior of the microbes in the river biofilm landscapes developed on (a) control glass", "and (b) polystyrene."], "figure_type": "Figure", "region_bb": [61, 75, 471, 145], "caption_bb": [77.0, 258.0, 403.0, 49.0], "page": 19, "page_height": 842}], "fig_no": 6}