{"pages_annotated": [], "figures": [{"page_width": 595, "caption_text": ["Figure 3. a, Symmetrised Fermi surface of G/h-BN . b, Spectral intensity distribution in E -", "kx-ky space. c, Detailed electronic structure of Dirac cone. d, Complete valence band structure", "of G/h-BN."], "figure_type": "Figure", "region_bb": [111, 120, 398, 306], "caption_bb": [70.0, 448.0, 414.0, 37.0], "page": 4, "page_height": 841}, {"page_width": 595, "caption_text": ["Figure 1. a, Working principle of NanoARPES. b, Valence band density of states of G/h-NB.", "The grey area indicates the energy window from which the valence band density of states images", "are integrated. c, Optical image of G/h-BN heterostructure. d, e, NanoARPES image of the", "valence band intensity."], "figure_type": "Figure", "region_bb": [93, 122, 413, 265], "caption_bb": [70.0, 410.0, 431.0, 50.0], "page": 3, "page_height": 841}, {"page_width": 595, "caption_text": ["Figure 2. a, C 1s core level. b, B 1s core level. The core level peaks are \ufb01tting by asymmetric", "Lorentzian line shape (blue). Red circles are the original data. Black solid lines are \ufb01tted", "spectra."], "figure_type": "Figure", "region_bb": [76, 471, 423, 202], "caption_bb": [70.0, 692.0, 411.0, 37.0], "page": 3, "page_height": 841}], "fig_no": 3}