{"pages_annotated": [], "figures": [{"page_width": 595, "caption_text": ["Fig. 36 The measured mass magnetization Mas functions of magnetic", "\ufb01elds H for (a) gra/h-BN sample 1, (b) gra/h-BN sample 2, and (c) h-BN", "substrate, at di\ufb00erent temperatures T \u00bc 5, 10, 20, 30, 40, 50, 60, 100,", "200, and 300 K.203"], "figure_type": "Figure", "region_bb": [76, 49, 181, 276], "caption_bb": [42.0, 334.0, 221.0, 40.0], "page": 15, "page_height": 779}, {"page_width": 595, "caption_text": ["Fig. 37 Graphene/h-BN devices and the test chart. (a) AFM image of", "graphene/h-BN heterostructure. (b) Histogram of the height distri-", "bution measured by AFM for graphene, h-BN and SiO2. Resistance", "versus applied gate voltage for monolayer graphene (c) and bilayer", "graphene (d) on h-BN.204"], "figure_type": "Figure", "region_bb": [309, 455, 232, 214], "caption_bb": [303.0, 680.0, 212.0, 50.0], "page": 15, "page_height": 779}, {"page_width": 595, "caption_text": ["Fig. 42 Schematic of the structures of: (A) an in-plane pressure sensor", "and (B) a tunnelling pressure sensor. Transmission spectra of: (C) the", "in-plane sensor and (D) the tunnelling sensor as functions of electron", "energy with di\ufb00erent external pressure.213"], "figure_type": "Figure", "region_bb": [49, 49, 235, 206], "caption_bb": [42.0, 264.0, 218.0, 41.0], "page": 17, "page_height": 779}, {"page_width": 595, "caption_text": ["Fig. 2 Flat structure diagram of h-BN. Blue on behalf of nitrogen", "atoms and pink on behalf of boron atoms, respectively.34"], "figure_type": "Figure", "region_bb": [53, 49, 196, 199], "caption_bb": [42.0, 257.0, 197.0, 21.0], "page": 3, "page_height": 779}, {"page_width": 595, "caption_text": ["Fig. 3 Comparison of the topography and charge density for gra-", "phene/BN vs. graphene/SiO2.73"], "figure_type": "Figure", "region_bb": [322, 503, 210, 190], "caption_bb": [303.0, 710.0, 199.0, 25.0], "page": 3, "page_height": 779}, {"page_width": 595, "caption_text": ["Fig. 34 The three inequivalent orientations of single-layer graphene", "on a h-BN surface and the total energy E of graphene on a h-BN", "surface for the three manners.71"], "figure_type": "Figure", "region_bb": [314, 50, 227, 180], "caption_bb": [303.0, 239.0, 208.0, 31.0], "page": 14, "page_height": 779}, {"page_width": 595, "caption_text": ["Fig. 35 (a) Stacking of constant-energy maps of EDC curvature to", "show the conical dispersion at the two k points. d1\u2013d5, dispersions", "along the cuts d1\u2013d5 shown in a1. The white dashed lines are guides", "for the evolution of the SDCs dispersions. The black arrow indicates", "the dispersion from the original Dirac cone. (b) Schematic drawing of", "the band structure in the graphene/h-BN heterostructure, showing", "the gapped original Dirac point with gapped SDPs at three out of six", "corners of the SBZ (k points).198"], "figure_type": "Figure", "region_bb": [314, 486, 227, 155], "caption_bb": [303.0, 650.0, 215.0, 80.0], "page": 14, "page_height": 779}, {"page_width": 595, "caption_text": ["Fig. 33 Real space and Fourier transforms of Moire\u00b4 patterns with", "di\ufb00erent ratio in (a) and (b).195"], "figure_type": "Figure", "region_bb": [52, 580, 228, 112], "caption_bb": [42.0, 710.0, 202.0, 21.0], "page": 14, "page_height": 779}, {"page_width": 595, "caption_text": ["Fig. 29 Moire' superlattice of graphene/h-BN. (a) The schematic", "diagram of moire\u00b4 pattern for graphene on h-BN. (b) AFM image of", "a multiterminal Hall bar and a high-resolution image of a magni\ufb01ed", "region.185"], "figure_type": "Figure", "region_bb": [56, 50, 228, 76], "caption_bb": [42.0, 135.0, 206.0, 41.0], "page": 13, "page_height": 779}, {"page_width": 595, "caption_text": ["Fig. 30 The method of epitaxial graphene growth and the AFM", "image.187"], "figure_type": "Figure", "region_bb": [52, 393, 219, 139], "caption_bb": [42.0, 542.0, 192.0, 20.0], "page": 13, "page_height": 779}, {"page_width": 595, "caption_text": ["Fig. 32 The coupling mechanism of graphene plasmons and the h-BN", "optical phonons. (a) The schematic diagram of Graphene plasmon and", "h-BN o-TO phonon. (b) Plasmon frequencies as a function of wave", "vector for di\ufb00erent hybridized mode peaks. (c) Line pro\ufb01le of s-SNOM", "optical signals at the excitation wavelength of 970 cm\u00c01. (d) s-SNOM", "images from 2D scan of the tip position near the graphene edge with", "varied excitation wavelengths.192"], "figure_type": "Figure", "region_bb": [315, 463, 227, 187], "caption_bb": [303.0, 660.0, 219.0, 70.0], "page": 13, "page_height": 779}, {"page_width": 595, "caption_text": ["Fig. 31 Growth of graphene/h-BN-stacked heterostructures: sche-", "matic illustration and optical images of the as-grown sample on the", "growth substrates.188"], "figure_type": "Figure", "region_bb": [49, 589, 236, 100], "caption_bb": [42.0, 700.0, 207.0, 30.0], "page": 13, "page_height": 779}, {"page_width": 595, "caption_text": ["Fig. 24 Schematic of the transfer process to fabricate graphene-on-", "BN devices.72"], "figure_type": "Figure", "region_bb": [310, 49, 234, 150], "caption_bb": [303.0, 209.0, 208.0, 21.0], "page": 11, "page_height": 779}, {"page_width": 595, "caption_text": ["Fig. 23 Contour plots of the charge density di\ufb00erence (a) for stacking", "pattern I at the interlayer distances x \u00bc 2.7, 3.2, 4 and 5 A\u02da, respectively,", "and (b) for the four stacking patterns (I\u2013IV) at the interlayer distance x", "\u00bc 3 A\u02da.198"], "figure_type": "Figure", "region_bb": [51, 49, 231, 153], "caption_bb": [42.0, 212.0, 226.0, 41.0], "page": 11, "page_height": 779}, {"page_width": 595, "caption_text": ["Fig. 25 Schematic of the liquid phase exfoliating method.(a) The", "illustration of the stacked structure of graphene and h-BN nanosheets.", "(b)\u2013(d) The TEM images of stack structure with di\ufb00erent resolutions. (e)", "Graphene, h-BN and BNG hybrid free standing \ufb01lms. (f) The h-BN/", "GTEM image for mapping. (g) Boron mapping of image (f). (h) EELS", "spectrum of h-BN/graphene hybrid, K-shell excitations of B, C, and", "N.169"], "figure_type": "Figure", "region_bb": [310, 520, 235, 130], "caption_bb": [303.0, 660.0, 223.0, 70.0], "page": 11, "page_height": 779}, {"page_width": 595, "caption_text": ["Fig. 21 Band lines near the Fermi level of C/BN HBLs with interlayer", "distances x \u00bc 5, 3.3, 3, 2.7, and 2.4 A\u02da for (a) con\ufb01guration II and (b)", "con\ufb01guration IV. The Fermi level is set to zero.166"], "figure_type": "Figure", "region_bb": [55, 497, 224, 193], "caption_bb": [42.0, 700.0, 216.0, 30.0], "page": 10, "page_height": 779}, {"page_width": 595, "caption_text": ["Fig. 22 Variation in the energy gap of HBLs as a function of interlayer", "spacing. The inset shows the variation of the e\ufb00ective masses vs. the", "band gap.166"], "figure_type": "Figure", "region_bb": [312, 519, 231, 171], "caption_bb": [303.0, 700.0, 216.0, 30.0], "page": 10, "page_height": 779}, {"page_width": 595, "caption_text": ["Fig. 1 (a) The basic unit of the other C material \u2013 graphene.1 (b) The", "relational graph between graphene and carbon nanotubes.7 (c) Gra-", "phene \ufb01lm and devices (\ufb02ow chart of graphene prepared by", "mechanical stripping method from A to E).3"], "figure_type": "Figure", "region_bb": [42.0, 49, 239.0, 597], "caption_bb": [42.0, 345.0, 212.0, 41.0], "page": 2, "page_height": 779}, {"page_width": 595, "caption_text": ["Fig. 19 STM pictures of graphene/h-BN heterostructure with di\ufb00erent", "rotational orientations.70"], "figure_type": "Figure", "region_bb": [51, 49, 231, 72], "caption_bb": [42.0, 131.0, 214.0, 21.0], "page": 9, "page_height": 779}, {"page_width": 595, "caption_text": ["Fig. 20 BE per unit cell of graphene/h-BN with di\ufb00erent stacking", "manners.166"], "figure_type": "Figure", "region_bb": [317, 428, 220, 273], "caption_bb": [303.0, 709.0, 198.0, 21.0], "page": 9, "page_height": 779}, {"page_width": 595, "caption_text": ["Fig. 17 Calculated band structures of the pristine graphitic\u2013BN with", "di\ufb00erent atoms. (a) with a boron atom (b) and a nitrogen atom (c)", "substituted by a carbon atom.148"], "figure_type": "Figure", "region_bb": [319, 52, 224, 87], "caption_bb": [303.0, 148.0, 207.0, 31.0], "page": 8, "page_height": 779}, {"page_width": 595, "caption_text": ["Fig. 15 Schematic of nanoindentation on a suspended h-BN", "membrane.133"], "figure_type": "Figure", "region_bb": [72, 50, 189, 165], "caption_bb": [42.0, 224.0, 185.0, 20.0], "page": 8, "page_height": 779}, {"page_width": 595, "caption_text": ["Fig. 18 Raman spectra of 2D h-BN.152"], "figure_type": "Figure", "region_bb": [313, 205, 225, 151], "caption_bb": [303.0, 366.0, 116, 11], "page": 8, "page_height": 779}, {"page_width": 595, "caption_text": ["Fig. 16 UV-vis optical absorption spectra of BN.131"], "figure_type": "Figure", "region_bb": [49, 528, 235, 182], "caption_bb": [42.0, 719.0, 153, 11], "page": 8, "page_height": 779}, {"page_width": 595, "caption_text": ["Fig. 6 Fracture test results (A) the test line corresponding to di\ufb00erent", "\ufb01lm diameters and tip radius. (B) Histogram and Gauss distribution of", "two kinds of fracture forces.9"], "figure_type": "Figure", "region_bb": [309, 50, 236, 95], "caption_bb": [303.0, 154.0, 214.0, 31.0], "page": 5, "page_height": 779}, {"page_width": 595, "caption_text": ["Fig. 5 Several types of preparation methods of graphene (spectral", "analysis of graphene prepared by CVD method is shown from a to e in", "the left group \ufb01gures. Sample image of graphene by epitaxial growth is", "shown from a to e in the middle of group \ufb01gures. Epitaxial growth of", "graphene samples and their characteristics is shown from A to E in the", "right group \ufb01gures).11,84,85"], "figure_type": "Figure", "region_bb": [51, 49, 231, 106], "caption_bb": [42.0, 164.0, 219.0, 61.0], "page": 5, "page_height": 779}, {"page_width": 595, "caption_text": ["Fig. 4 (a) The relationship between distribution of A and B atoms in", "the unit cell of graphene. (b) Corresponding Brillouin zone. The Dirac", "cones are located at the K and M points.79"], "figure_type": "Figure", "region_bb": [319, 597, 205, 93], "caption_bb": [303.0, 700.0, 213.0, 30.0], "page": 4, "page_height": 779}, {"page_width": 595, "caption_text": ["Fig. 7 Di\ufb00erent widths of graphene nanosheets' thermal conductivity", "changes at di\ufb00erent temperatures ((a) The thermal conductivity", "change images of di\ufb00erent materials at 300 K. (b) The anisotropy test", "images of di\ufb00erent widths of nanoribbons at di\ufb00erent temperatures).91"], "figure_type": "Figure", "region_bb": [53, 49, 228, 88], "caption_bb": [42.0, 146.0, 217.0, 42.0], "page": 6, "page_height": 779}, {"page_width": 595, "caption_text": ["Fig. 10 Magnetic response of graphene ((a) Magnetic moment as", "a function of magnetic \ufb01eld intensity at di\ufb00erent temperatures from 2", "K to 300 K. (b) Magnetic moment images with the changing temper-", "ature for the same sample).111"], "figure_type": "Figure", "region_bb": [318, 49, 225, 101], "caption_bb": [303.0, 167.0, 212.0, 41.0], "page": 6, "page_height": 779}, {"page_width": 595, "caption_text": ["Fig. 11 Raman spectra of ideal graphene and of di\ufb00erent layers under", "di\ufb00erent wavelengths.113"], "figure_type": "Figure", "region_bb": [319, 234, 223, 84], "caption_bb": [303.0, 329.0, 217.0, 22.0], "page": 6, "page_height": 779}, {"page_width": 595, "caption_text": ["Fig. 8 Looking through one-atom-thick crystals.93"], "figure_type": "Figure", "region_bb": [50, 213, 231, 227], "caption_bb": [42.0, 449.0, 150, 11], "page": 6, "page_height": 779}, {"page_width": 595, "caption_text": ["Fig. 9 Electronic dispersion in the honeycomb lattice.96"], "figure_type": "Figure", "region_bb": [48, 583, 237, 127], "caption_bb": [42.0, 719.0, 168, 11], "page": 6, "page_height": 779}, {"page_width": 595, "caption_text": ["Fig. 26 Dry preparation of graphene/h-BN as a schematic and sample", "image: (a) schematic of the transfer mask. (b) SLG and BLG areas on the", "mask, the scale bar equals 5 mm. (c) Graphene alignment and transfer", "to a h-BN crystal. (d) Graphene \ufb02ake in a Hall bar geometry on h-BN.170"], "figure_type": "Figure", "region_bb": [49, 49, 235, 176], "caption_bb": [42.0, 234.0, 228.0, 41.0], "page": 12, "page_height": 779}, {"page_width": 595, "caption_text": ["Fig. 27 (a)\u2013(d) Sample fabrication steps shown schematically. (e) SEM", "image of graphene on a candidate h-BN \ufb02ake. (f) Optical image of", "a \ufb01nished graphene-on-BN device, with the electrodes labelled and", "the graphene outlined.176"], "figure_type": "Figure", "region_bb": [49, 465, 235, 215], "caption_bb": [42.0, 689.0, 218.0, 41.0], "page": 12, "page_height": 779}, {"page_width": 595, "caption_text": ["Fig. 28 LEED and STM dI/dV data for BN monolayer and graphene/h-", "BN heterojunction grown on Ru(0001).162"], "figure_type": "Figure", "region_bb": [320, 491, 224, 201], "caption_bb": [303.0, 710.0, 216.0, 20.0], "page": 12, "page_height": 779}, {"page_width": 595, "caption_text": ["Fig. 12 Structure of h-BN. (A) Stereogram. (B) The 2D \ufb02oor plan.118"], "figure_type": "Figure", "region_bb": [53, 49, 227, 112], "caption_bb": [42.0, 169.0, 207, 11], "page": 7, "page_height": 779}, {"page_width": 595, "caption_text": ["Fig. 14 Orbital property and electronic structure of h-BN.118"], "figure_type": "Figure", "region_bb": [310, 49, 234, 198], "caption_bb": [303.0, 256.0, 181, 11], "page": 7, "page_height": 779}, {"page_width": 595, "caption_text": ["Fig. 13 Preparation methods of h-BN with the mechanical stripping", "method and the CVD method (The left group \ufb01gures: (a) low", "magni\ufb01cation and large defocus of the h-BN TEM images. (b) The", "folding images for h-BN. The right group \ufb01gures: (a) Photograph of", "a large h-BN \ufb01lm on a silicon substrate. Scale bar is 1 cm. (b), SEM", "image shows a h-BN \ufb01lm (scale bar 10 mm). (c and d) AFM image and", "line-scan pro\ufb01le indicate that h-BN \ufb01lm has uniform thickness of a 1", "nm. Scale bar is 2 mm).38,133"], "figure_type": "Figure", "region_bb": [49, 509, 235, 131], "caption_bb": [42.0, 650.0, 217.0, 80.0], "page": 7, "page_height": 779}, {"page_width": 595, "caption_text": ["Fig. 38 Schematic of a \ufb01eld-e\ufb00ect tunnelling transistor (A) and (B)", "tunnelling characteristics for a graphene/h-BN device with 6 \u00c6 1 layers", "of h-BN as the tunnel barrier.182"], "figure_type": "Figure", "region_bb": [48, 50, 236, 107], "caption_bb": [42.0, 176.0, 220.0, 31.0], "page": 16, "page_height": 779}, {"page_width": 595, "caption_text": ["Fig. 40 The \ufb02ow and test \ufb01gure of an LED.((A) Schematic of the device", "architecture. (B) Magni\ufb01cation monochrome image of WSe2 LEQW", "device. The change of photon energy under di\ufb00erent temperature", "curve for WSe2 in (C) and MoSe2 in (D). (E) The image of quantum", "e\ufb03ciency corresponding to temperature of three LED devices based", "WSe2. (F) Individual electroluminescence spectra plotted for four", "di\ufb00erent injection current densities for a sample device. (G) The", "external quantum e\ufb03ciency plotted against bias voltage and injection", "current density at T \u00bc 300 K for the same sample device in (F)).210"], "figure_type": "Figure", "region_bb": [311, 52, 235, 229], "caption_bb": [303.0, 293.0, 219.0, 91.0], "page": 16, "page_height": 779}, {"page_width": 595, "caption_text": ["Fig. 41 Graphene/h-BN/GaAs sandwich diode as a solar cell and", "photodetector. (A) Schematic of the graphene/h-BN/GaAs sandwich", "device. (B) Electronic band structure of graphene/h-BN/GaAs heter-", "ostructure. (C) J\u2013V curves of solar cells based on graphene/GaAs and", "graphene/h-BN/GaAs heterostructure with Si QDs introduced photo-", "induced doping. (D) Electronic band structure of the graphene/h-BN/", "GaAs solar cell with Si QDs covering on graphene under illumination.212"], "figure_type": "Figure", "region_bb": [309, 486, 235, 164], "caption_bb": [303.0, 660.0, 221.0, 70.0], "page": 16, "page_height": 779}, {"page_width": 595, "caption_text": ["Fig. 39 Schematic and test results of the device.209"], "figure_type": "Figure", "region_bb": [49, 519, 236, 183], "caption_bb": [42.0, 719.0, 156, 11], "page": 16, "page_height": 779}], "fig_no": 42}