{"pages_annotated": [], "figures": [{"page_width": 430, "caption_text": ["Fig. 1. Correlation plots between thresholds obtained manually and automatically us-", "ing di\ufb00erent criteria: (a) ENTROPY, (b) MINERROR, and (c) OTSU"], "figure_type": "Figure", "region_bb": [57.0, 75, 315.0, 256.0], "caption_bb": [41.0, 348.0, 273.0, 20.0], "page": 7, "page_height": 660}, {"page_width": 430, "caption_text": ["Fig. 4. Bio\ufb01lm reconstruction: (a) Manual reconstruction. (b) Automatic reconstruction."], "figure_type": "Figure", "region_bb": [89, 58.0, 250, 132.0], "caption_bb": [41.0, 205.0, 281, 9], "page": 11, "page_height": 660}, {"page_width": 430, "caption_text": ["Fig. 3. Multi-level Thresholding Segmentation: (a) Optical image segmented manually.", "(b) Histogram of (a). (c) Optical image segmented automatically. (d) Histogram of (c)."], "figure_type": "Figure", "region_bb": [69, 74, 272, 257], "caption_bb": [41.0, 348.0, 279.0, 20.0], "page": 10, "page_height": 660}, {"page_width": 430, "caption_text": ["Fig. 2. General behavior of clustering validity indices: (a) IndexI, (b) CH, (c) DB, (d)", "DN"], "figure_type": "Figure", "region_bb": [56.0, 71.0, 258.0, 273.0], "caption_bb": [41.0, 360.0, 273.0, 20.0], "page": 8, "page_height": 660}], "fig_no": 4}