{"pages_annotated": [], "figures": [{"page_width": 595, "caption_text": ["FFiigguurree33..MMeecchhaanniissmmooffeeppiittaaxxiiaallggrroowwtthhooffggrraapphheennee.."], "figure_type": "Figure", "region_bb": [157.0, 414.0, 280.0, 146.0], "caption_bb": [190.0, 571.0, 372, 16], "page": 3, "page_height": 841}, {"page_width": 595, "caption_text": ["FiguFreig7u.rTeE7M. TEimMaigmeasgoefsgorfagprahpehneenfeil\ufb01mlms sggrorowwnnoonn tthhee NNiissuubbsstrtartaet:e(:a()a1) 1lalyaeyr,e(rb,)(b3 )la3ylearys,e(rcs),4(cla)y4elras,yers,", "(d) 8(lda)y8elrasy. e(rRse. p(Rreopdruocdeudcefdrofmrom[3[23]2w] witihthppeerrmmiissssiioonn;;CCooppyyrirgighht 2t020090A9 mAemriecarincaCnheCmhiecmal iScoaclieStoyc.)iety.)"], "figure_type": "Figure", "region_bb": [54.0, 128, 1149.0, 498], "caption_bb": [77.0, 638.0, 500.0, 24.0], "page": 6, "page_height": 841}, {"page_width": 595, "caption_text": ["FFiigguurree 44.. LLEEEEDDppaatttteerrnnssiinnddiiffffeerreenntttteemmppeerraattuurreessaannddttiimmeess((RReepprroodduucceeddffrroomm[[2211]]wwiitthhppeerrmmiissssiioonn;;", "CCooppyyrriigghhtt 22000044 AAmmeerriiccaann CChheemmiiccaall SSoocciieettyy)).. (a(a))11005500\u00b0\u25e6CC, ,1100mmiinn;;((bb))11110000 \u00b0\u25e6CC,,33 mmiinn;; ((cc)) 11225500 \u00b0\u25e6CC,,", "2200 mmiinn;; ((dd)) 11440000 \u00b0\u25e6CC,,88mmiinn.."], "figure_type": "Figure", "region_bb": [222.0, 125, 150.0, 147.0], "caption_bb": [96.0, 282.0, 481.0, 44.0], "page": 4, "page_height": 841}, {"page_width": 595, "caption_text": ["FigFuirgeur1e. 1M. MeGrceaphchhiateaSnnhieisesrmm ooffsstrtirpippipnignmg emtheotdh.od.", "stress", "Chemical vapor deposition and epitaxial growth are not economic. However, with the"], "figure_type": "Figure", "region_bb": [110.0, 162.0, 361.0, 99.0], "caption_bb": [127.0, 263.0, 382.0, 30.0], "page": 2, "page_height": 841}, {"page_width": 595, "caption_text": ["Figure", "2.", "Mechanism", "of", "source", "thermal"], "figure_type": "Figure", "region_bb": [209.0, 615.0, 176.0, 70.0], "caption_bb": [185.0, 680.0, 105.0, 10.0], "page": 2, "page_height": 841}, {"page_width": 595, "caption_text": ["FigurFeig2u.rMe 2e.cMheacnhiasnmismofotfhtehremrmaall mmeetthhooddfofrogrrgorwoiwnginogf gorafpghreanpeh. ene."], "figure_type": "Figure", "region_bb": [222, 697, 161, 38.0], "caption_bb": [166.0, 743.0, 406, 14], "page": 2, "page_height": 841}, {"page_width": 595, "caption_text": ["Figure 8. Optiiccaalliimmaaggee(a(a) )anadndRaRmamananspsepctercutmrum(b)(bof) gorfagprhaepnheefnilemfsilgmroswgtrhowonththoen30th0en3m0-0thnicmk-tnhicickke-l", "lnaiycekreol nlatyheerSoinwtahfeerS. i(Rweapfreord. u(Rcedprforodmuc[e3d3]fwroimth [p3e3r]mwisisthionp;eCrmopisysriiognh;tC20o0p9yNriagthutre2.0)09 Nature.)"], "figure_type": "Figure", "region_bb": [204, 89, 186, 163], "caption_bb": [97.0, 270.0, 480.0, 23.0], "page": 7, "page_height": 841}, {"page_width": 595, "caption_text": ["FFiigguurree 55.. Mechanism of CVD ggrroowwtthh ggrraapphheennee oonn CCuu:: (a) bbeeffoorree eettcchhiinngg;; ((bb)) aafftteerr eettcchhiinngg bbyy", "hhyyddrrooggeenn;;((cc))iinnttrroodduucciinnggbbuuffffeerrggaassaannddccaarrbboonn ssoouurrccee;; ((dd))ssyynntthheessiiss pprroocceessss;; ((dd11)) bbeeffoorree aannnneeaalliinngg;;", "((dd21))aafftteerraannnneeaalilningg. ."], "figure_type": "Figure", "region_bb": [193, 426.0, 209, 176.0], "caption_bb": [97.0, 616.0, 480.0, 36.0], "page": 5, "page_height": 841}, {"page_width": 595, "caption_text": ["Ficgaunreal1s3o. bTeheacmhieecvheadnibsmy ciosmdibsucustsisoend oafncdatlhcieurmea(cCtiav)eipnrothgerepssreisesnhcoewonf aCsOE2qaunadtiothne(1m).eGchrapnhisemneis", "casnhoawlsno ibneEaqcuhaietivoend(2b)y[8c6o]m. bustion of calcium (Ca) in the presence of CO2 and the mechanism is", "shown in Equation (2) [86]."], "figure_type": "Figure", "region_bb": [76.0, 141.0, 760.0, 213.0], "caption_bb": [76.0, 104.0, 501.0, 37.0], "page": 11, "page_height": 841}, {"page_width": 595, "caption_text": ["FFiigguurree 1122.. SScchheemmaattiicc ddiiaaggrraamm ooff aarrcc ppllaassmmaa mmeetthhoodd iinn tthhee mmaaggnneettiicc \ufb01fieelldd.. ((aa)) CCaarrbboonn nnaannoottuubbeess;;", "((bb)) GGrraapphheennee;; ((cc)) EExxppeerriimmeennttaall ssttrruuccttuurree;; ((dd)) RReeaall eeqquuiippmmeenntt;; ((ee)) LLooccaall iimmaaggee.. ((RReepprroodduucceedd ffrroomm [[7777]]", "wwiitthh ppeerrmmiissssiioonn;; CCooppyyrriigghhtt 22001100 TThhee RRooyyaall SSoocciieettyy ooff CChheemmiissttrryy.).)"], "figure_type": "Figure", "region_bb": [161, 317.0, 271, 181.0], "caption_bb": [97.0, 507.0, 480.0, 42.0], "page": 10, "page_height": 841}, {"page_width": 595, "caption_text": ["FFiigguurree 1111.. SScchheemmaattiicc ooff aa nnoovveell mmiiccrroowwaavvee--aassssiisstteedd eeqquuiippmmeenntt.. ((RReepprroodduucceedd ffrroomm [[4400]] wwiitthh", "ppeerrmmiissssiioonn;; CCooppyyrriigghhtt 22000088 AAmmeerriiccaannCChheemmiiccaallSSoocciieettyy.).)"], "figure_type": "Figure", "region_bb": [237, 504, 119, 196], "caption_bb": [97.0, 711.0, 480.0, 29.0], "page": 9, "page_height": 841}, {"page_width": 595, "caption_text": ["Figure 10. Synthesized progress when introducing roll-to-roll technology into CVD. (a) CVD; (b) Roll-", "tFFoii-ggtuuorlrleet1e10c0.h.SnyoSnlyothngetyhs;iez(scei)dzeGpdrroappgrrhoeegsnsrewswsheiwtnhhin3e0tnr-oiindncuthrco.ind(Rguecrpionrllgo-dtoruo-crleol-dltlotf-errcoohmllnot[el3oc6gh]ynwoiniltothogyCpeVirnDmt.oi(sasC)ioVCnDV; D.C(;oa(pb) y)CrRiVgohDllt-;", "(2tbo0)-1t0oRlNol latle-ttucohr-ent.oo)lllogteyc;h(nco) lGograyp; h(ecn) eGwraipthhe3n0e-inwcihth. (R30e-pinrocdhu. ce(Rdefprroomdu[c3e6d] wfriothmp[e3r6m] iwssiitohn;peCrompiysrsiigohnt;", "C20o1p0yNrigathutr2e0.)10 Nature.)"], "figure_type": "Figure", "region_bb": [90, 89.0, 3813.0, 329.0], "caption_bb": [97.0, 420.0, 978.0, 50.0], "page": 8, "page_height": 841}], "fig_no": 10}