{"pages_annotated": [], "figures": [{"page_width": 595, "caption_text": ["Figure 2. Heat transfer monitor."], "figure_type": "Figure", "region_bb": [312, 129, 209, 98], "caption_bb": [361.0, 238.0, 89, 8], "page": 3, "page_height": 842}, {"page_width": 595, "caption_text": ["Figure 1. Scheme of FOS."], "figure_type": "Figure", "region_bb": [72, 144, 212, 169], "caption_bb": [132.0, 325.0, 73, 8], "page": 3, "page_height": 842}, {"page_width": 595, "caption_text": ["Figure 6. Cross-section of an oscillating QCM."], "figure_type": "Figure", "region_bb": [341, 645, 150, 72], "caption_bb": [334.0, 728.0, 131, 8], "page": 11, "page_height": 842}, {"page_width": 595, "caption_text": ["Figure 5. Scheme of a PAS-sensor."], "figure_type": "Figure", "region_bb": [72, 645, 212, 72], "caption_bb": [115.0, 728.0, 97, 8], "page": 9, "page_height": 842}], "fig_no": 6}