{"pages_annotated": [], "figures": [{"page_width": 606, "caption_text": ["Figure 4. (a) CV spectra of Cu/graphene/ALD samples with di\ufb00erent ALD thickness. (b) Peak current of Cu0 peak for Cu/", "graphene/ALD samples with di\ufb00erent ALD thickness and comparison to peak current for Cu/graphene samples with 1\u00c03", "layers of graphene."], "figure_type": "Figure", "region_bb": [114, 65, 320, 140], "caption_bb": [64.0, 216.0, 374.0, 26.0], "page": 5, "page_height": 800}, {"page_width": 606, "caption_text": ["Figure 3a and b, the e\ufb00ectiveness of aluminum oxide in", "suppressing the etching is demonstrated."], "figure_type": "Figure", "region_bb": [65, 65, 218.0, 70.0], "caption_bb": [283.0, 78.0, 198.0, 22.0], "page": 4, "page_height": 800}, {"page_width": 606, "caption_text": ["Figure 3. (a\u00c0c) Representative AFM height image of etched", "graphene (a) without, (b) with 5 nm ALD \ufb01lm, and (c) with", "16 nm ALD \ufb01lm. (d) Copper hole area after deposition of ALD", "\ufb01lms for pristine and UV-ozone-treated graphene \ufb01lms."], "figure_type": "Figure", "region_bb": [65, 65, 198, 174], "caption_bb": [64.0, 251.0, 189.0, 34.0], "page": 4, "page_height": 800}, {"page_width": 606, "caption_text": ["Figure 2. Cu/1LG morphology after (a) 5 s and (b) 35 s etching. (c) Dimensions (depth and diameter) of one etch pit as", "indicated in (a) and (b) vs etching time."], "figure_type": "Figure", "region_bb": [64, 65, 411, 124], "caption_bb": [64.0, 200.0, 367.0, 16.0], "page": 3, "page_height": 800}, {"page_width": 606, "caption_text": ["Figure 1. (a) Cyclic voltammogram of bare Cu and Cu passivated by 1\u00c03 layers of graphene, (b) comparison of intensity of", "main oxidation peak under di\ufb00erent passivation conditions, and (c) atomic force microscope image of Cu/graphene after", "etching."], "figure_type": "Figure", "region_bb": [96, 65, 355, 106], "caption_bb": [64.0, 192.0, 379.0, 25.0], "page": 2, "page_height": 800}, {"page_width": 606, "caption_text": ["Figure 1a), representing the corrosion reaction of", "copper (Cu0 f Cu2\u00fe \u00fe 2e\u00c0), was chosen to quantify", "the passivation e\ufb00ect. The peak current is proportional", "to the charge exchanged, and we observe a decrease", "of only 20% upon passivation with one layer graphene", "(Cu/1LG)."], "figure_type": "Figure", "region_bb": [61, 268.0, 222.0, 322.0], "caption_bb": [283.0, 268.0, 194.0, 69.0], "page": 2, "page_height": 800}], "fig_no": 7}