{"pages_annotated": [], "figures": [{"page_width": 521, "caption_text": ["FIG. 1. Schematicdiagramof microbalancesystem."], "figure_type": "Figure", "region_bb": [52.0, 112.0, 384.0, 492.0], "caption_bb": [137.0, 355.0, 174, 10], "page": 3, "page_height": 768}, {"page_width": 521, "caption_text": ["FIG. 2.", "Influence of crystallographic orientation and '0 pressure on the oxidation rate"], "figure_type": "Figure", "region_bb": [54.0, 136.0, 320.0, 459.0], "caption_bb": [77.0, 598.0, 248.0, 9.0], "page": 4, "page_height": 768}, {"page_width": 521, "caption_text": ["FIG. 3. Influence of crystallographic orientation on the oxidation of Cu at 600\u00b0C"], "figure_type": "Figure", "region_bb": [56.0, 104.0, 313.0, 496.0], "caption_bb": [78.0, 257.0, 226, 8], "page": 5, "page_height": 768}, {"page_width": 521, "caption_text": [], "figure_type": "Figure", "region_bb": [37, 153, 305, 333], "caption_bb": [], "page": 9, "page_height": 768}], "fig_no": 5}